[{"name": "Adam Smith", "last_name": "Stone", "email": "smccall@example.net"}, {"name": "Amanda Miller DDS", "last_name": "White", "email": "melindasmith@example.net"}, {"name": "Carol Cook", "last_name": "Daniels", "email": "rkeller@example.org"}, {"name": "Christopher Austin", "last_name": "Williams", "email": "cassandraorr@example.org"}, {"name": "Alicia Eaton", "last_name": "Hinton", "email": "kevinsmith@example.net"}, {"name": "Brittney Hurley", "last_name": "Marshall", "email": "lesterbrittany@example.org"}, {"name": "Aaron Jackson", "last_name": "Harrell", "email": "hectormendoza@example.org"}, {"name": "Heather Bean", "last_name": "Bailey", "email": "staceydyer@example.org"}, {"name": "Tammy Barnes DDS", "last_name": "Herman", "email": "stevensstephanie@example.org"}, {"name": "Michael Holloway", "last_name": "Wheeler", "email": "emily86@example.org"}, {"name": "Tyler Mitchell", "last_name": "Herman", "email": "linda41@example.org"}, {"name": "Raymond Green", "last_name": "Dixon", "email": "valerie11@example.net"}, {"name": "Amy Castillo", "last_name": "Gilmore", "email": "phillipsderek@example.org"}, {"name": "Angela Mcneil", "last_name": "Webb", "email": "kmorgan@example.net"}, {"name": "John Reyes", "last_name": "Cardenas", "email": "beckdavid@example.com"}, {"name": "Emily Hunt", "last_name": "Smith", "email": "franklinnicole@example.net"}, {"name": "Carolyn Robinson", "last_name": "Banks", "email": "adamschristine@example.org"}, {"name": "Dawn Hill", "last_name": "Sandoval", "email": "ycox@example.org"}, {"name": "Gerald Jordan", "last_name": "Melton", "email": "stephaniebuchanan@example.org"}, {"name": "Stephanie Allen", "last_name": "Smith", "email": "ryanmathews@example.net"}, {"name": "Nicholas Mckee", "last_name": "Young", "email": "jennifersanders@example.net"}, {"name": "Charles Brown", "last_name": "Cabrera", "email": "youngmelissa@example.net"}, {"name": "Samantha Dalton", "last_name": "Thompson", "email": "teresathompson@example.net"}, {"name": "Joshua Green", "last_name": "Williams", "email": "shawnwilson@example.org"}, {"name": "Thomas Duncan", "last_name": "Young", "email": "michael60@example.net"}, {"name": "Evan Gates", "last_name": "Bell", "email": "rossgeorge@example.net"}, {"name": "Justin Bush", "last_name": "Clark", "email": "natasha43@example.com"}, {"name": "Joshua Nelson", "last_name": "Miller", "email": "ngarcia@example.net"}, {"name": "Richard Thomas", "last_name": "Clay", "email": "brandon07@example.net"}, {"name": "Dr. Danielle Aguilar", "last_name": "Obrien", "email": "vazqueznicholas@example.net"}, {"name": "John Anthony", "last_name": "Bennett", "email": "samantha01@example.org"}, {"name": "Breanna Klein", "last_name": "Reed", "email": "vmarsh@example.org"}, {"name": "Jessica Hernandez", "last_name": "Miller", "email": "caldwellsusan@example.org"}, {"name": "Joseph Jackson", "last_name": "Russell", "email": "wwade@example.org"}, {"name": "Heidi Williams", "last_name": "Thornton", "email": "brucelewis@example.com"}, {"name": "Kristy Haynes", "last_name": "Griffith", "email": "jenniferdavis@example.org"}, {"name": "Madison Kelly", "last_name": "Hess", "email": "abean@example.net"}, {"name": "Daniel Fisher", "last_name": "Mullen", "email": "qayers@example.com"}, {"name": "Katrina Gibson", "last_name": "Byrd", "email": "paulstevens@example.org"}, {"name": "Paul Barr", "last_name": "Snyder", "email": "jacobdunn@example.com"}, {"name": "Mark Barber DVM", "last_name": "Jensen", "email": "hswanson@example.net"}, {"name": "Steven Mason", "last_name": "Carpenter", "email": "ronaldbarrett@example.com"}, {"name": "Denise Alvarado", "last_name": "Butler", "email": "iharris@example.com"}, {"name": "Rodney Andrade", "last_name": "Stephens", "email": "hamiltonjames@example.net"}, {"name": "Cody Johnson", "last_name": "Mitchell", "email": "lindayoung@example.org"}, {"name": "Samantha Horton", "last_name": "Hartman", "email": "chaveztabitha@example.com"}, {"name": "Michael Conner", "last_name": "Hurley", "email": "davidgonzalez@example.org"}, {"name": "Kristy Hahn", "last_name": "Perry", "email": "ncooley@example.net"}, {"name": "Audrey Parks", "last_name": "Gonzalez", "email": "tammy43@example.net"}, {"name": "Amy Jones", "last_name": "Mason", "email": "bruce85@example.com"}]